model,dataset,seed,task,family,variant,status,metric,score,fit_seconds,predict_seconds,n_samples,n_features,artifact_path,error_message,notes
Linear/Ridge,synthetic_axis_aligned,42,classification,baseline,linear,ok,accuracy,0.941463,0.0096,0.0013,1024,20,,,
Random Forest,synthetic_axis_aligned,42,classification,baseline,random_forest,ok,accuracy,0.990244,0.0389,0.003,1024,20,,,
Gradient Boosting,synthetic_axis_aligned,42,classification,baseline,gradient_boosting,ok,accuracy,1.0,0.0935,0.0012,1024,20,,,
MLP,synthetic_axis_aligned,42,classification,baseline,mlp,ok,accuracy,0.931707,0.054,0.0013,1024,20,,,
LightGBM,synthetic_axis_aligned,42,classification,baseline,lightgbm,ok,accuracy,1.0,0.1988,0.0406,1024,20,,,
CatBoost,synthetic_axis_aligned,42,classification,baseline,catboost,ok,accuracy,1.0,1.5255,0.0035,1024,20,,,
TST-v0,synthetic_axis_aligned,42,classification,ablation,TST-v0,ok,accuracy,0.912195,5.65,0.0185,1024,20,,,
TST-v1-Gate,synthetic_axis_aligned,42,classification,ablation,TST-v1-Gate,ok,accuracy,0.912195,5.0311,0.0193,1024,20,,,
TST-v2-GateFourier,synthetic_axis_aligned,42,classification,ablation,TST-v2-GateFourier,ok,accuracy,0.912195,5.1587,0.0192,1024,20,,,
TST-v3-MoE,synthetic_axis_aligned,42,classification,ablation,TST-v3-MoE,ok,accuracy,0.912195,5.3911,0.024,1024,20,,,
Linear/Ridge,synthetic_xor,42,classification,baseline,linear,ok,accuracy,0.429268,0.0056,0.0023,1024,20,,,
Random Forest,synthetic_xor,42,classification,baseline,random_forest,ok,accuracy,0.595122,0.0742,0.0048,1024,20,,,
Gradient Boosting,synthetic_xor,42,classification,baseline,gradient_boosting,ok,accuracy,0.970732,0.2127,0.0015,1024,20,,,
MLP,synthetic_xor,42,classification,baseline,mlp,ok,accuracy,0.765854,0.0574,0.0016,1024,20,,,
LightGBM,synthetic_xor,42,classification,baseline,lightgbm,ok,accuracy,0.985366,0.0479,0.004,1024,20,,,
CatBoost,synthetic_xor,42,classification,baseline,catboost,ok,accuracy,0.985366,1.0701,0.0024,1024,20,,,
TST-v0,synthetic_xor,42,classification,ablation,TST-v0,ok,accuracy,0.512195,5.7266,0.0189,1024,20,,,
TST-v1-Gate,synthetic_xor,42,classification,ablation,TST-v1-Gate,ok,accuracy,0.512195,5.996,0.0219,1024,20,,,
TST-v2-GateFourier,synthetic_xor,42,classification,ablation,TST-v2-GateFourier,ok,accuracy,0.512195,5.7403,0.0207,1024,20,,,
TST-v3-MoE,synthetic_xor,42,classification,ablation,TST-v3-MoE,ok,accuracy,0.512195,6.4315,0.0208,1024,20,,,
Linear/Ridge,synthetic_piecewise,42,regression,baseline,linear,ok,rmse,0.786671,0.0045,0.0008,1024,20,,,
Random Forest,synthetic_piecewise,42,regression,baseline,random_forest,ok,rmse,0.276584,0.1678,0.0038,1024,20,,,
Gradient Boosting,synthetic_piecewise,42,regression,baseline,gradient_boosting,ok,rmse,0.159973,0.1861,0.0018,1024,20,,,
MLP,synthetic_piecewise,42,regression,baseline,mlp,ok,rmse,0.798763,0.0519,0.0014,1024,20,,,
LightGBM,synthetic_piecewise,42,regression,baseline,lightgbm,ok,rmse,0.215951,0.0431,0.0036,1024,20,,,
CatBoost,synthetic_piecewise,42,regression,baseline,catboost,ok,rmse,0.178699,1.4706,0.0064,1024,20,,,
TST-v0,synthetic_piecewise,42,regression,ablation,TST-v0,ok,rmse,0.841531,9.719,0.0221,1024,20,,,
TST-v1-Gate,synthetic_piecewise,42,regression,ablation,TST-v1-Gate,ok,rmse,0.841759,9.6773,0.0213,1024,20,,,
TST-v2-GateFourier,synthetic_piecewise,42,regression,ablation,TST-v2-GateFourier,ok,rmse,0.841332,8.4713,0.0286,1024,20,,,
TST-v3-MoE,synthetic_piecewise,42,regression,ablation,TST-v3-MoE,ok,rmse,0.840824,11.2239,0.0274,1024,20,,,
Linear/Ridge,synthetic_irrelevant_noise,42,classification,baseline,linear,ok,accuracy,0.804878,0.012,0.0025,1024,100,,,
Random Forest,synthetic_irrelevant_noise,42,classification,baseline,random_forest,ok,accuracy,0.843902,0.1375,0.0042,1024,100,,,
Gradient Boosting,synthetic_irrelevant_noise,42,classification,baseline,gradient_boosting,ok,accuracy,0.907317,1.0425,0.0022,1024,100,,,
MLP,synthetic_irrelevant_noise,42,classification,baseline,mlp,ok,accuracy,0.795122,0.0836,0.0018,1024,100,,,
LightGBM,synthetic_irrelevant_noise,42,classification,baseline,lightgbm,ok,accuracy,0.917073,0.3104,0.0041,1024,100,,,
CatBoost,synthetic_irrelevant_noise,42,classification,baseline,catboost,ok,accuracy,0.921951,7.1386,0.0063,1024,100,,,
TST-v0,synthetic_irrelevant_noise,42,classification,ablation,TST-v0,ok,accuracy,0.502439,55.3077,0.1217,1024,100,,,
TST-v1-Gate,synthetic_irrelevant_noise,42,classification,ablation,TST-v1-Gate,ok,accuracy,0.502439,34.1827,0.1156,1024,100,,,
TST-v2-GateFourier,synthetic_irrelevant_noise,42,classification,ablation,TST-v2-GateFourier,ok,accuracy,0.502439,49.9962,0.1485,1024,100,,,
TST-v3-MoE,synthetic_irrelevant_noise,42,classification,ablation,TST-v3-MoE,ok,accuracy,0.502439,55.2673,0.1471,1024,100,,,
Linear/Ridge,synthetic_rotated,42,classification,baseline,linear,ok,accuracy,0.970732,0.0278,0.0021,1024,20,,,
Random Forest,synthetic_rotated,42,classification,baseline,random_forest,ok,accuracy,0.931707,0.0774,0.0041,1024,20,,,
Gradient Boosting,synthetic_rotated,42,classification,baseline,gradient_boosting,ok,accuracy,0.95122,0.2678,0.0022,1024,20,,,
MLP,synthetic_rotated,42,classification,baseline,mlp,ok,accuracy,0.926829,0.0698,0.0016,1024,20,,,
LightGBM,synthetic_rotated,42,classification,baseline,lightgbm,ok,accuracy,0.95122,0.0733,0.0051,1024,20,,,
CatBoost,synthetic_rotated,42,classification,baseline,catboost,ok,accuracy,0.956098,3.5137,0.0246,1024,20,,,
TST-v0,synthetic_rotated,42,classification,ablation,TST-v0,ok,accuracy,0.62439,7.0787,0.0301,1024,20,,,
TST-v1-Gate,synthetic_rotated,42,classification,ablation,TST-v1-Gate,ok,accuracy,0.62439,7.4887,0.0276,1024,20,,,
TST-v2-GateFourier,synthetic_rotated,42,classification,ablation,TST-v2-GateFourier,ok,accuracy,0.62439,14.587,0.036,1024,20,,,
TST-v3-MoE,synthetic_rotated,42,classification,ablation,TST-v3-MoE,ok,accuracy,0.62439,9.8408,0.0285,1024,20,,,
Linear/Ridge,synthetic_regime,42,regression,baseline,linear,ok,rmse,0.519227,0.0188,0.0032,1024,20,,,
Random Forest,synthetic_regime,42,regression,baseline,random_forest,ok,rmse,0.303688,0.2389,0.0055,1024,20,,,
Gradient Boosting,synthetic_regime,42,regression,baseline,gradient_boosting,ok,rmse,0.32562,0.257,0.002,1024,20,,,
MLP,synthetic_regime,42,regression,baseline,mlp,ok,rmse,0.412808,0.0684,0.0018,1024,20,,,
LightGBM,synthetic_regime,42,regression,baseline,lightgbm,ok,rmse,0.286742,0.0629,0.0062,1024,20,,,
CatBoost,synthetic_regime,42,regression,baseline,catboost,ok,rmse,0.209871,1.7382,0.0083,1024,20,,,
TST-v0,synthetic_regime,42,regression,ablation,TST-v0,ok,rmse,0.64934,16.6324,0.0251,1024,20,,,
TST-v1-Gate,synthetic_regime,42,regression,ablation,TST-v1-Gate,ok,rmse,0.648899,14.2,0.0321,1024,20,,,
TST-v2-GateFourier,synthetic_regime,42,regression,ablation,TST-v2-GateFourier,ok,rmse,0.649473,13.706,0.0336,1024,20,,,
TST-v3-MoE,synthetic_regime,42,regression,ablation,TST-v3-MoE,ok,rmse,0.565224,16.1596,0.0238,1024,20,,,
Linear/Ridge,synthetic_sparse_high_order,42,classification,baseline,linear,ok,accuracy,0.970732,0.0128,0.0017,1024,50,,,
Random Forest,synthetic_sparse_high_order,42,classification,baseline,random_forest,ok,accuracy,0.965854,0.0644,0.0032,1024,50,,,
Gradient Boosting,synthetic_sparse_high_order,42,classification,baseline,gradient_boosting,ok,accuracy,0.990244,0.5172,0.0024,1024,50,,,
MLP,synthetic_sparse_high_order,42,classification,baseline,mlp,ok,accuracy,0.960976,0.0666,0.0026,1024,50,,,
LightGBM,synthetic_sparse_high_order,42,classification,baseline,lightgbm,ok,accuracy,1.0,0.1011,0.0047,1024,50,,,
CatBoost,synthetic_sparse_high_order,42,classification,baseline,catboost,ok,accuracy,0.990244,3.2504,0.0033,1024,50,,,
TST-v0,synthetic_sparse_high_order,42,classification,ablation,TST-v0,ok,accuracy,0.965854,23.2076,0.0616,1024,50,,,
TST-v1-Gate,synthetic_sparse_high_order,42,classification,ablation,TST-v1-Gate,ok,accuracy,0.965854,21.1227,0.0666,1024,50,,,
TST-v2-GateFourier,synthetic_sparse_high_order,42,classification,ablation,TST-v2-GateFourier,ok,accuracy,0.965854,29.0993,0.0654,1024,50,,,
TST-v3-MoE,synthetic_sparse_high_order,42,classification,ablation,TST-v3-MoE,ok,accuracy,0.965854,24.0524,0.0649,1024,50,,,
Linear/Ridge,synthetic_axis_aligned,43,classification,baseline,linear,ok,accuracy,0.946341,0.0379,0.0016,1024,20,,,
Random Forest,synthetic_axis_aligned,43,classification,baseline,random_forest,ok,accuracy,0.995122,0.0476,0.0032,1024,20,,,
Gradient Boosting,synthetic_axis_aligned,43,classification,baseline,gradient_boosting,ok,accuracy,0.990244,0.1109,0.003,1024,20,,,
MLP,synthetic_axis_aligned,43,classification,baseline,mlp,ok,accuracy,0.931707,0.0668,0.0015,1024,20,,,
LightGBM,synthetic_axis_aligned,43,classification,baseline,lightgbm,ok,accuracy,0.990244,0.0417,0.0044,1024,20,,,
CatBoost,synthetic_axis_aligned,43,classification,baseline,catboost,ok,accuracy,0.990244,2.0046,0.0076,1024,20,,,
TST-v0,synthetic_axis_aligned,43,classification,ablation,TST-v0,ok,accuracy,0.902439,6.0348,0.0247,1024,20,,,
TST-v1-Gate,synthetic_axis_aligned,43,classification,ablation,TST-v1-Gate,ok,accuracy,0.902439,6.0708,0.0257,1024,20,,,
TST-v2-GateFourier,synthetic_axis_aligned,43,classification,ablation,TST-v2-GateFourier,ok,accuracy,0.902439,6.7394,0.0284,1024,20,,,
TST-v3-MoE,synthetic_axis_aligned,43,classification,ablation,TST-v3-MoE,ok,accuracy,0.902439,12.3058,0.0922,1024,20,,,
Linear/Ridge,synthetic_xor,43,classification,baseline,linear,ok,accuracy,0.463415,0.0378,0.0116,1024,20,,,
Random Forest,synthetic_xor,43,classification,baseline,random_forest,ok,accuracy,0.707317,0.2876,0.0073,1024,20,,,
Gradient Boosting,synthetic_xor,43,classification,baseline,gradient_boosting,ok,accuracy,0.795122,0.6569,0.0029,1024,20,,,
MLP,synthetic_xor,43,classification,baseline,mlp,ok,accuracy,0.8,0.1171,0.004,1024,20,,,
LightGBM,synthetic_xor,43,classification,baseline,lightgbm,ok,accuracy,1.0,0.2132,0.0459,1024,20,,,
CatBoost,synthetic_xor,43,classification,baseline,catboost,ok,accuracy,1.0,2.3674,0.0109,1024,20,,,
TST-v0,synthetic_xor,43,classification,ablation,TST-v0,ok,accuracy,0.526829,6.7209,0.0303,1024,20,,,
TST-v1-Gate,synthetic_xor,43,classification,ablation,TST-v1-Gate,ok,accuracy,0.526829,7.2615,0.0223,1024,20,,,
TST-v2-GateFourier,synthetic_xor,43,classification,ablation,TST-v2-GateFourier,ok,accuracy,0.526829,6.9627,0.0286,1024,20,,,
TST-v3-MoE,synthetic_xor,43,classification,ablation,TST-v3-MoE,ok,accuracy,0.526829,6.8718,0.0249,1024,20,,,
Linear/Ridge,synthetic_piecewise,43,regression,baseline,linear,ok,rmse,0.737068,0.0121,0.0011,1024,20,,,
Random Forest,synthetic_piecewise,43,regression,baseline,random_forest,ok,rmse,0.223516,0.201,0.0046,1024,20,,,
Gradient Boosting,synthetic_piecewise,43,regression,baseline,gradient_boosting,ok,rmse,0.147789,0.2329,0.0018,1024,20,,,
MLP,synthetic_piecewise,43,regression,baseline,mlp,ok,rmse,0.783063,0.06,0.0021,1024,20,,,
LightGBM,synthetic_piecewise,43,regression,baseline,lightgbm,ok,rmse,0.213925,0.0552,0.0049,1024,20,,,
CatBoost,synthetic_piecewise,43,regression,baseline,catboost,ok,rmse,0.154311,1.4854,0.0043,1024,20,,,
TST-v0,synthetic_piecewise,43,regression,ablation,TST-v0,ok,rmse,0.800162,9.0662,0.0227,1024,20,,,
TST-v1-Gate,synthetic_piecewise,43,regression,ablation,TST-v1-Gate,ok,rmse,0.79978,11.5099,0.0242,1024,20,,,
TST-v2-GateFourier,synthetic_piecewise,43,regression,ablation,TST-v2-GateFourier,ok,rmse,0.803388,12.1412,0.0251,1024,20,,,
TST-v3-MoE,synthetic_piecewise,43,regression,ablation,TST-v3-MoE,ok,rmse,0.804319,9.2342,0.0233,1024,20,,,
Linear/Ridge,synthetic_irrelevant_noise,43,classification,baseline,linear,ok,accuracy,0.804878,0.009,0.0014,1024,100,,,
Random Forest,synthetic_irrelevant_noise,43,classification,baseline,random_forest,ok,accuracy,0.843902,0.1195,0.0043,1024,100,,,
Gradient Boosting,synthetic_irrelevant_noise,43,classification,baseline,gradient_boosting,ok,accuracy,0.931707,1.035,0.0021,1024,100,,,
MLP,synthetic_irrelevant_noise,43,classification,baseline,mlp,ok,accuracy,0.765854,0.0703,0.002,1024,100,,,
LightGBM,synthetic_irrelevant_noise,43,classification,baseline,lightgbm,ok,accuracy,0.941463,0.2572,0.0037,1024,100,,,
CatBoost,synthetic_irrelevant_noise,43,classification,baseline,catboost,ok,accuracy,0.936585,7.6582,0.0316,1024,100,,,
TST-v0,synthetic_irrelevant_noise,43,classification,ablation,TST-v0,ok,accuracy,0.512195,43.2979,0.1227,1024,100,,,
TST-v1-Gate,synthetic_irrelevant_noise,43,classification,ablation,TST-v1-Gate,ok,accuracy,0.512195,37.17,0.1278,1024,100,,,
TST-v2-GateFourier,synthetic_irrelevant_noise,43,classification,ablation,TST-v2-GateFourier,ok,accuracy,0.512195,36.401,0.1377,1024,100,,,
TST-v3-MoE,synthetic_irrelevant_noise,43,classification,ablation,TST-v3-MoE,ok,accuracy,0.512195,37.5675,0.1497,1024,100,,,
Linear/Ridge,synthetic_rotated,43,classification,baseline,linear,ok,accuracy,0.980488,0.0089,0.0014,1024,20,,,
Random Forest,synthetic_rotated,43,classification,baseline,random_forest,ok,accuracy,0.95122,0.0609,0.0042,1024,20,,,
Gradient Boosting,synthetic_rotated,43,classification,baseline,gradient_boosting,ok,accuracy,0.985366,0.2338,0.0018,1024,20,,,
MLP,synthetic_rotated,43,classification,baseline,mlp,ok,accuracy,0.970732,0.0611,0.0021,1024,20,,,
LightGBM,synthetic_rotated,43,classification,baseline,lightgbm,ok,accuracy,0.970732,0.0624,0.0054,1024,20,,,
CatBoost,synthetic_rotated,43,classification,baseline,catboost,ok,accuracy,0.97561,1.553,0.003,1024,20,,,
TST-v0,synthetic_rotated,43,classification,ablation,TST-v0,ok,accuracy,0.634146,5.9499,0.0269,1024,20,,,
TST-v1-Gate,synthetic_rotated,43,classification,ablation,TST-v1-Gate,ok,accuracy,0.634146,6.4319,0.0229,1024,20,,,
TST-v2-GateFourier,synthetic_rotated,43,classification,ablation,TST-v2-GateFourier,ok,accuracy,0.634146,6.9396,0.0233,1024,20,,,
TST-v3-MoE,synthetic_rotated,43,classification,ablation,TST-v3-MoE,ok,accuracy,0.634146,6.7376,0.0257,1024,20,,,
Linear/Ridge,synthetic_regime,43,regression,baseline,linear,ok,rmse,0.461956,0.0115,0.0015,1024,20,,,
Random Forest,synthetic_regime,43,regression,baseline,random_forest,ok,rmse,0.248116,0.1868,0.0041,1024,20,,,
Gradient Boosting,synthetic_regime,43,regression,baseline,gradient_boosting,ok,rmse,0.274048,0.2235,0.0022,1024,20,,,
MLP,synthetic_regime,43,regression,baseline,mlp,ok,rmse,0.358535,0.0627,0.0017,1024,20,,,
LightGBM,synthetic_regime,43,regression,baseline,lightgbm,ok,rmse,0.237267,0.0505,0.0043,1024,20,,,
CatBoost,synthetic_regime,43,regression,baseline,catboost,ok,rmse,0.194142,1.3327,0.0035,1024,20,,,
TST-v0,synthetic_regime,43,regression,ablation,TST-v0,ok,rmse,0.599627,7.9171,0.0221,1024,20,,,
TST-v1-Gate,synthetic_regime,43,regression,ablation,TST-v1-Gate,ok,rmse,0.59937,7.4167,0.028,1024,20,,,
TST-v2-GateFourier,synthetic_regime,43,regression,ablation,TST-v2-GateFourier,ok,rmse,0.60836,9.2179,0.0259,1024,20,,,
TST-v3-MoE,synthetic_regime,43,regression,ablation,TST-v3-MoE,ok,rmse,0.607007,7.1221,0.025,1024,20,,,
Linear/Ridge,synthetic_sparse_high_order,43,classification,baseline,linear,ok,accuracy,0.970732,0.0077,0.0014,1024,50,,,
Random Forest,synthetic_sparse_high_order,43,classification,baseline,random_forest,ok,accuracy,0.97561,0.0658,0.0031,1024,50,,,
Gradient Boosting,synthetic_sparse_high_order,43,classification,baseline,gradient_boosting,ok,accuracy,0.990244,0.5193,0.0018,1024,50,,,
MLP,synthetic_sparse_high_order,43,classification,baseline,mlp,ok,accuracy,0.97561,0.0652,0.0031,1024,50,,,
LightGBM,synthetic_sparse_high_order,43,classification,baseline,lightgbm,ok,accuracy,0.990244,0.082,0.0032,1024,50,,,
CatBoost,synthetic_sparse_high_order,43,classification,baseline,catboost,ok,accuracy,0.990244,3.4501,0.0054,1024,50,,,
TST-v0,synthetic_sparse_high_order,43,classification,ablation,TST-v0,ok,accuracy,0.97561,18.5082,0.0612,1024,50,,,
TST-v1-Gate,synthetic_sparse_high_order,43,classification,ablation,TST-v1-Gate,ok,accuracy,0.97561,17.6992,0.0588,1024,50,,,
TST-v2-GateFourier,synthetic_sparse_high_order,43,classification,ablation,TST-v2-GateFourier,ok,accuracy,0.97561,18.6709,0.0789,1024,50,,,
TST-v3-MoE,synthetic_sparse_high_order,43,classification,ablation,TST-v3-MoE,ok,accuracy,0.97561,16.5324,0.0593,1024,50,,,
Linear/Ridge,synthetic_axis_aligned,44,classification,baseline,linear,ok,accuracy,0.970732,0.0072,0.0011,1024,20,,,
Random Forest,synthetic_axis_aligned,44,classification,baseline,random_forest,ok,accuracy,0.995122,0.0473,0.0035,1024,20,,,
Gradient Boosting,synthetic_axis_aligned,44,classification,baseline,gradient_boosting,ok,accuracy,0.995122,0.1605,0.0021,1024,20,,,
MLP,synthetic_axis_aligned,44,classification,baseline,mlp,ok,accuracy,0.941463,0.0597,0.0016,1024,20,,,
LightGBM,synthetic_axis_aligned,44,classification,baseline,lightgbm,ok,accuracy,0.995122,0.0557,0.0036,1024,20,,,
CatBoost,synthetic_axis_aligned,44,classification,baseline,catboost,ok,accuracy,1.0,1.6016,0.0035,1024,20,,,
TST-v0,synthetic_axis_aligned,44,classification,ablation,TST-v0,ok,accuracy,0.892683,6.0863,0.0234,1024,20,,,
TST-v1-Gate,synthetic_axis_aligned,44,classification,ablation,TST-v1-Gate,ok,accuracy,0.892683,6.1479,0.0233,1024,20,,,
TST-v2-GateFourier,synthetic_axis_aligned,44,classification,ablation,TST-v2-GateFourier,ok,accuracy,0.892683,6.815,0.0292,1024,20,,,
TST-v3-MoE,synthetic_axis_aligned,44,classification,ablation,TST-v3-MoE,ok,accuracy,0.892683,7.2971,0.0266,1024,20,,,
Linear/Ridge,synthetic_xor,44,classification,baseline,linear,ok,accuracy,0.463415,0.007,0.0012,1024,20,,,
Random Forest,synthetic_xor,44,classification,baseline,random_forest,ok,accuracy,0.712195,0.0711,0.0039,1024,20,,,
Gradient Boosting,synthetic_xor,44,classification,baseline,gradient_boosting,ok,accuracy,0.82439,0.2339,0.0019,1024,20,,,
MLP,synthetic_xor,44,classification,baseline,mlp,ok,accuracy,0.756098,0.0637,0.0018,1024,20,,,
LightGBM,synthetic_xor,44,classification,baseline,lightgbm,ok,accuracy,0.995122,0.0579,0.0053,1024,20,,,
CatBoost,synthetic_xor,44,classification,baseline,catboost,ok,accuracy,0.995122,1.5499,0.0031,1024,20,,,
TST-v0,synthetic_xor,44,classification,ablation,TST-v0,ok,accuracy,0.526829,7.7712,0.0251,1024,20,,,
TST-v1-Gate,synthetic_xor,44,classification,ablation,TST-v1-Gate,ok,accuracy,0.526829,6.1409,0.0235,1024,20,,,
TST-v2-GateFourier,synthetic_xor,44,classification,ablation,TST-v2-GateFourier,ok,accuracy,0.526829,6.5961,0.0241,1024,20,,,
TST-v3-MoE,synthetic_xor,44,classification,ablation,TST-v3-MoE,ok,accuracy,0.526829,6.2723,0.0238,1024,20,,,
Linear/Ridge,synthetic_piecewise,44,regression,baseline,linear,ok,rmse,0.765868,0.0041,0.001,1024,20,,,
Random Forest,synthetic_piecewise,44,regression,baseline,random_forest,ok,rmse,0.277101,0.1793,0.0036,1024,20,,,
Gradient Boosting,synthetic_piecewise,44,regression,baseline,gradient_boosting,ok,rmse,0.14682,0.203,0.0019,1024,20,,,
MLP,synthetic_piecewise,44,regression,baseline,mlp,ok,rmse,0.750108,0.0548,0.0014,1024,20,,,
LightGBM,synthetic_piecewise,44,regression,baseline,lightgbm,ok,rmse,0.221305,0.0575,0.0068,1024,20,,,
CatBoost,synthetic_piecewise,44,regression,baseline,catboost,ok,rmse,0.182939,1.2733,0.0031,1024,20,,,
TST-v0,synthetic_piecewise,44,regression,ablation,TST-v0,ok,rmse,0.826928,11.3944,0.0282,1024,20,,,
TST-v1-Gate,synthetic_piecewise,44,regression,ablation,TST-v1-Gate,ok,rmse,0.826838,11.1869,0.0264,1024,20,,,
TST-v2-GateFourier,synthetic_piecewise,44,regression,ablation,TST-v2-GateFourier,ok,rmse,0.826596,12.5728,0.0276,1024,20,,,
TST-v3-MoE,synthetic_piecewise,44,regression,ablation,TST-v3-MoE,ok,rmse,0.826987,7.8005,0.0252,1024,20,,,
Linear/Ridge,synthetic_irrelevant_noise,44,classification,baseline,linear,ok,accuracy,0.863415,0.008,0.0026,1024,100,,,
Random Forest,synthetic_irrelevant_noise,44,classification,baseline,random_forest,ok,accuracy,0.839024,0.1228,0.0035,1024,100,,,
Gradient Boosting,synthetic_irrelevant_noise,44,classification,baseline,gradient_boosting,ok,accuracy,0.941463,0.9702,0.0021,1024,100,,,
MLP,synthetic_irrelevant_noise,44,classification,baseline,mlp,ok,accuracy,0.858537,0.1335,0.0024,1024,100,,,
LightGBM,synthetic_irrelevant_noise,44,classification,baseline,lightgbm,ok,accuracy,0.941463,0.2721,0.0039,1024,100,,,
CatBoost,synthetic_irrelevant_noise,44,classification,baseline,catboost,ok,accuracy,0.936585,5.6823,0.0062,1024,100,,,
TST-v0,synthetic_irrelevant_noise,44,classification,ablation,TST-v0,ok,accuracy,0.517073,34.1249,0.12,1024,100,,,
TST-v1-Gate,synthetic_irrelevant_noise,44,classification,ablation,TST-v1-Gate,ok,accuracy,0.517073,36.5145,0.123,1024,100,,,
TST-v2-GateFourier,synthetic_irrelevant_noise,44,classification,ablation,TST-v2-GateFourier,ok,accuracy,0.517073,44.6774,0.1348,1024,100,,,
TST-v3-MoE,synthetic_irrelevant_noise,44,classification,ablation,TST-v3-MoE,ok,accuracy,0.517073,35.3849,0.1315,1024,100,,,
Linear/Ridge,synthetic_rotated,44,classification,baseline,linear,ok,accuracy,0.960976,0.0067,0.0011,1024,20,,,
Random Forest,synthetic_rotated,44,classification,baseline,random_forest,ok,accuracy,0.941463,0.056,0.004,1024,20,,,
Gradient Boosting,synthetic_rotated,44,classification,baseline,gradient_boosting,ok,accuracy,0.960976,0.2184,0.0021,1024,20,,,
MLP,synthetic_rotated,44,classification,baseline,mlp,ok,accuracy,0.941463,0.057,0.0016,1024,20,,,
LightGBM,synthetic_rotated,44,classification,baseline,lightgbm,ok,accuracy,0.956098,0.0639,0.0044,1024,20,,,
CatBoost,synthetic_rotated,44,classification,baseline,catboost,ok,accuracy,0.965854,1.4734,0.0031,1024,20,,,
TST-v0,synthetic_rotated,44,classification,ablation,TST-v0,ok,accuracy,0.614634,6.0144,0.0249,1024,20,,,
TST-v1-Gate,synthetic_rotated,44,classification,ablation,TST-v1-Gate,ok,accuracy,0.614634,7.1422,0.0273,1024,20,,,
TST-v2-GateFourier,synthetic_rotated,44,classification,ablation,TST-v2-GateFourier,ok,accuracy,0.614634,6.2364,0.026,1024,20,,,
TST-v3-MoE,synthetic_rotated,44,classification,ablation,TST-v3-MoE,ok,accuracy,0.614634,7.0484,0.0249,1024,20,,,
Linear/Ridge,synthetic_regime,44,regression,baseline,linear,ok,rmse,0.478799,0.0051,0.001,1024,20,,,
Random Forest,synthetic_regime,44,regression,baseline,random_forest,ok,rmse,0.268013,0.1777,0.004,1024,20,,,
Gradient Boosting,synthetic_regime,44,regression,baseline,gradient_boosting,ok,rmse,0.300754,0.2084,0.0017,1024,20,,,
MLP,synthetic_regime,44,regression,baseline,mlp,ok,rmse,0.38228,0.0557,0.0015,1024,20,,,
LightGBM,synthetic_regime,44,regression,baseline,lightgbm,ok,rmse,0.248173,0.0487,0.0035,1024,20,,,
CatBoost,synthetic_regime,44,regression,baseline,catboost,ok,rmse,0.18249,1.1861,0.0031,1024,20,,,
TST-v0,synthetic_regime,44,regression,ablation,TST-v0,ok,rmse,0.604768,8.4585,0.0204,1024,20,,,
TST-v1-Gate,synthetic_regime,44,regression,ablation,TST-v1-Gate,ok,rmse,0.604945,8.6047,0.0206,1024,20,,,
TST-v2-GateFourier,synthetic_regime,44,regression,ablation,TST-v2-GateFourier,ok,rmse,0.605299,6.7653,0.0266,1024,20,,,
TST-v3-MoE,synthetic_regime,44,regression,ablation,TST-v3-MoE,ok,rmse,0.605254,8.5615,0.0234,1024,20,,,
Linear/Ridge,synthetic_sparse_high_order,44,classification,baseline,linear,ok,accuracy,0.980488,0.0059,0.0011,1024,50,,,
Random Forest,synthetic_sparse_high_order,44,classification,baseline,random_forest,ok,accuracy,0.980488,0.0666,0.0033,1024,50,,,
Gradient Boosting,synthetic_sparse_high_order,44,classification,baseline,gradient_boosting,ok,accuracy,0.970732,0.5077,0.0017,1024,50,,,
MLP,synthetic_sparse_high_order,44,classification,baseline,mlp,ok,accuracy,0.980488,0.0635,0.0016,1024,50,,,
LightGBM,synthetic_sparse_high_order,44,classification,baseline,lightgbm,ok,accuracy,0.995122,0.0848,0.0028,1024,50,,,
CatBoost,synthetic_sparse_high_order,44,classification,baseline,catboost,ok,accuracy,0.980488,3.0733,0.0053,1024,50,,,
TST-v0,synthetic_sparse_high_order,44,classification,ablation,TST-v0,ok,accuracy,0.980488,17.372,0.052,1024,50,,,
TST-v1-Gate,synthetic_sparse_high_order,44,classification,ablation,TST-v1-Gate,ok,accuracy,0.980488,15.8079,0.0531,1024,50,,,
TST-v2-GateFourier,synthetic_sparse_high_order,44,classification,ablation,TST-v2-GateFourier,ok,accuracy,0.980488,16.5252,0.0581,1024,50,,,
TST-v3-MoE,synthetic_sparse_high_order,44,classification,ablation,TST-v3-MoE,ok,accuracy,0.980488,17.9566,0.0799,1024,50,,,
