dataset,seed,task,family,model,variant,n_samples,n_features,status,error_message,benchmark_mode,base_variant,selected_config_id,selected_lr,selection_metric,selection_mode,selection_score,selected_epoch,candidate_config_count,candidate_lrs,tuning_budget_type,epoch,train_loss,train_metric,val_metric,grad_norm,grad_norm_max,train_val_gap,prediction_mean,prediction_std,has_gate,gate_mean,gate_median,gate_sparsity,best_epoch,best_val_metric,final_val_metric,final_vs_best,early_stopped,effective_training_status
synthetic_xor,42,classification,ablation,TST-v1-Gate,TST-v1-Gate,512,20,ok,,tuned_tst_benchmark,,,,,,,,,,,1,1.2249374389648438,0.4803921568627451,0.4854368932038835,30.396870773922462,47.39325702552988,-0.005044736341138389,0.18549969792366028,0.0027971630915999413,True,0.2734120786190033,0.2707465887069702,0.0,2,0.5145631067961165,0.5145631067961165,0.0,True,early_stopped_cleanly
synthetic_xor,42,classification,ablation,TST-v1-Gate,TST-v1-Gate,512,20,ok,,tuned_tst_benchmark,,,,,,,,,,,2,0.830088754494985,0.5196078431372549,0.5145631067961165,3.7939413540635187,7.081458633483069,0.005044736341138445,0.5342050194740295,0.0013709040358662605,True,0.2730591297149658,0.27561911940574646,0.0,2,0.5145631067961165,0.5145631067961165,0.0,True,early_stopped_cleanly
synthetic_xor,42,classification,ablation,TST-v1-Gate,TST-v1-Gate,512,20,ok,,tuned_tst_benchmark,,,,,,,,,,,3,0.7240201234817505,0.5196078431372549,0.5145631067961165,1.1015468275384226,1.623080863858606,0.005044736341138445,0.6699172258377075,0.0005981253925710917,True,0.27007028460502625,0.26952260732650757,0.0,2,0.5145631067961165,0.5145631067961165,0.0,True,early_stopped_cleanly
synthetic_xor,42,classification,ablation,TST-v1-Gate,TST-v1-Gate,512,20,ok,,tuned_tst_benchmark,,,,,,,,,,,4,0.7361047863960266,0.5196078431372549,0.5145631067961165,1.2684353359195775,1.8558621123910748,0.005044736341138445,0.6491018533706665,0.0003996468731202185,True,0.26660194993019104,0.2625159025192261,0.0,2,0.5145631067961165,0.5145631067961165,0.0,True,early_stopped_cleanly
synthetic_xor,42,classification,ablation,TST-v1-Gate,TST-v1-Gate,512,20,ok,,tuned_tst_benchmark,,,,,,,,,,,5,0.7190563678741455,0.5196078431372549,0.5145631067961165,0.9273146308750685,1.5188404620329192,0.005044736341138445,0.5787504315376282,0.0003720467211678624,True,0.2613491117954254,0.2555440068244934,0.0,2,0.5145631067961165,0.5145631067961165,0.0,True,early_stopped_cleanly
synthetic_xor,42,classification,ablation,TST-v1-Gate,TST-v1-Gate,512,20,ok,,tuned_tst_benchmark,,,,,,,,,,,6,0.6984138290087382,0.5196078431372549,0.5145631067961165,0.48785391434954145,0.743984151919317,0.005044736341138445,0.5107635855674744,0.00036615467979572713,True,0.2540893852710724,0.24537527561187744,0.0,2,0.5145631067961165,0.5145631067961165,0.0,True,early_stopped_cleanly
synthetic_xor,42,classification,ablation,TST-v1-Gate,TST-v1-Gate,512,20,ok,,tuned_tst_benchmark,,,,,,,,,,,7,0.6975328723589579,0.4803921568627451,0.4854368932038835,0.25596386341595406,0.5150658260582188,-0.005044736341138389,0.4710753262042999,0.0003409900818951428,True,0.24530895054340363,0.23303180932998657,0.05,2,0.5145631067961165,0.5145631067961165,0.0,True,early_stopped_cleanly
synthetic_xor,42,classification,ablation,TST-v1-Gate,TST-v1-Gate,512,20,ok,,tuned_tst_benchmark,,,,,,,,,,,8,0.7038012941678365,0.4803921568627451,0.4854368932038835,0.6056011409832677,1.1879944453533895,-0.005044736341138389,0.465158075094223,0.0002980092540383339,True,0.2355630099773407,0.21943053603172302,0.1,2,0.5145631067961165,0.5145631067961165,0.0,True,early_stopped_cleanly
synthetic_xor,42,classification,ablation,TST-v1-Gate,TST-v1-Gate,512,20,ok,,tuned_tst_benchmark,,,,,,,,,,,9,0.6997193098068237,0.4803921568627451,0.4854368932038835,0.3534794738380476,0.6436268237455077,-0.005044736341138389,0.4850650131702423,0.00024711675359867513,True,0.22523704171180725,0.2052643895149231,0.2,2,0.5145631067961165,0.5145631067961165,0.0,True,early_stopped_cleanly
synthetic_xor,42,classification,ablation,TST-v1-Gate,TST-v1-Gate,512,20,ok,,tuned_tst_benchmark,,,,,,,,,,,10,0.6961116194725037,0.5196078431372549,0.5145631067961165,0.2853918924734933,0.40774694651131393,0.005044736341138445,0.5080804824829102,0.00020713605044875294,True,0.21456488966941833,0.1919083595275879,0.3,2,0.5145631067961165,0.5145631067961165,0.0,True,early_stopped_cleanly
synthetic_xor,42,classification,ablation,TST-v1-Gate,TST-v1-Gate,512,20,ok,,tuned_tst_benchmark,,,,,,,,,,,11,0.6939748922983805,0.5196078431372549,0.5145631067961165,0.3352875239650313,0.5749986495596467,0.005044736341138445,0.5251195430755615,0.0001793024130165577,True,0.20376300811767578,0.17979663610458374,0.3,2,0.5145631067961165,0.5145631067961165,0.0,True,early_stopped_cleanly
synthetic_xor,42,classification,ablation,TST-v1-Gate,TST-v1-Gate,512,20,ok,,tuned_tst_benchmark,,,,,,,,,,,12,0.6965463161468506,0.5196078431372549,0.5145631067961165,0.24126373553384706,0.6281323248074813,0.005044736341138445,0.5379891991615295,0.00015815955703146756,True,0.19304315745830536,0.16806191205978394,0.35,2,0.5145631067961165,0.5145631067961165,0.0,True,early_stopped_cleanly
synthetic_xor,42,classification,ablation,TST-v2-GateFourier,TST-v2-GateFourier,512,20,ok,,tuned_tst_benchmark,,,,,,,,,,,1,1.4527992010116577,0.5196078431372549,0.5145631067961165,12.971652492900091,21.088559836855044,0.005044736341138445,0.831990122795105,6.904435576871037e-05,True,0.24080173671245575,0.22436469793319702,0.0,1,0.5145631067961165,0.4854368932038835,0.029126213592232997,True,early_stopped_cleanly
synthetic_xor,42,classification,ablation,TST-v2-GateFourier,TST-v2-GateFourier,512,20,ok,,tuned_tst_benchmark,,,,,,,,,,,2,0.7943194905916849,0.4803921568627451,0.4854368932038835,2.276355640348092,3.831127615730767,-0.005044736341138389,0.4199185371398926,7.442485366482288e-05,True,0.20346109569072723,0.18983620405197144,0.0,1,0.5145631067961165,0.4854368932038835,0.029126213592232997,True,early_stopped_cleanly
synthetic_xor,42,classification,ablation,TST-v2-GateFourier,TST-v2-GateFourier,512,20,ok,,tuned_tst_benchmark,,,,,,,,,,,3,0.7406655351320902,0.4803921568627451,0.4854368932038835,1.6148990480430863,1.9642287074973455,-0.005044736341138389,0.3380054235458374,2.288558789587114e-05,True,0.16959011554718018,0.16059191524982452,0.0,1,0.5145631067961165,0.4854368932038835,0.029126213592232997,True,early_stopped_cleanly
synthetic_xor,42,classification,ablation,TST-v2-GateFourier,TST-v2-GateFourier,512,20,ok,,tuned_tst_benchmark,,,,,,,,,,,4,0.7463477253913879,0.4803921568627451,0.4854368932038835,1.6551476167188397,1.6588311640305147,-0.005044736341138389,0.4382919669151306,1.698881169431843e-05,True,0.14050181210041046,0.13759121298789978,0.0,1,0.5145631067961165,0.4854368932038835,0.029126213592232997,True,early_stopped_cleanly
synthetic_xor,42,classification,ablation,TST-v2-GateFourier,TST-v2-GateFourier,512,20,ok,,tuned_tst_benchmark,,,,,,,,,,,5,0.7043488621711731,0.5196078431372549,0.5145631067961165,0.7861187681374697,1.1418801698755716,0.005044736341138445,0.5669512748718262,2.6841780709219165e-05,True,0.11653916537761688,0.11838048696517944,0.25,1,0.5145631067961165,0.4854368932038835,0.029126213592232997,True,early_stopped_cleanly
synthetic_xor,42,classification,ablation,TST-v2-GateFourier,TST-v2-GateFourier,512,20,ok,,tuned_tst_benchmark,,,,,,,,,,,6,0.7098357677459717,0.5196078431372549,0.5145631067961165,0.7736581387333564,1.374759285640283,0.005044736341138445,0.599625289440155,1.9613677068264224e-05,True,0.09782037138938904,0.10125213861465454,0.45,1,0.5145631067961165,0.4854368932038835,0.029126213592232997,True,early_stopped_cleanly
synthetic_xor,42,classification,ablation,TST-v2-GateFourier,TST-v2-GateFourier,512,20,ok,,tuned_tst_benchmark,,,,,,,,,,,7,0.6982546250025431,0.5196078431372549,0.5145631067961165,0.6608507468199102,1.2596299673342684,0.005044736341138445,0.5636093616485596,1.241962945641717e-05,True,0.08402706682682037,0.08727695047855377,0.95,1,0.5145631067961165,0.4854368932038835,0.029126213592232997,True,early_stopped_cleanly
synthetic_xor,42,classification,ablation,TST-v2-GateFourier,TST-v2-GateFourier,512,20,ok,,tuned_tst_benchmark,,,,,,,,,,,8,0.6957836945851644,0.5196078431372549,0.5145631067961165,0.38127372719385305,0.5647909188611155,0.005044736341138445,0.5262156128883362,8.669053386256564e-06,True,0.0747203454375267,0.07683798670768738,1.0,1,0.5145631067961165,0.4854368932038835,0.029126213592232997,True,early_stopped_cleanly
synthetic_xor,42,classification,ablation,TST-v2-GateFourier,TST-v2-GateFourier,512,20,ok,,tuned_tst_benchmark,,,,,,,,,,,9,0.6930709679921468,0.4803921568627451,0.4854368932038835,0.04538592278816936,0.053079776442952295,-0.005044736341138389,0.4951677918434143,5.7464080782665405e-06,True,0.06843630224466324,0.06962976604700089,1.0,1,0.5145631067961165,0.4854368932038835,0.029126213592232997,True,early_stopped_cleanly
synthetic_xor,42,classification,ablation,TST-v2-GateFourier,TST-v2-GateFourier,512,20,ok,,tuned_tst_benchmark,,,,,,,,,,,10,0.6954902211825053,0.4803921568627451,0.4854368932038835,0.2877179672634709,0.48047765537218456,-0.005044736341138389,0.4816887080669403,4.631196588888997e-06,True,0.06416095793247223,0.06448102742433548,1.0,1,0.5145631067961165,0.4854368932038835,0.029126213592232997,True,early_stopped_cleanly
synthetic_xor,42,classification,ablation,TST-v2-GateFourier,TST-v2-GateFourier,512,20,ok,,tuned_tst_benchmark,,,,,,,,,,,11,0.6961811979611715,0.4803921568627451,0.4854368932038835,0.9778248598554199,1.5709947692374937,-0.005044736341138389,0.4900088310241699,4.296899987821234e-06,True,0.06123090907931328,0.060786619782447815,1.0,1,0.5145631067961165,0.4854368932038835,0.029126213592232997,True,early_stopped_cleanly
synthetic_xor,42,classification,ablation,TST,TST-v1-Gate-tuned,512,20,ok,,tuned_tst_benchmark,TST-v1-Gate,tst_v1_gate_lr_1e-4,1e-4,val_accuracy,maximize,0.543689,4,3,"1e-4,3e-4,1e-3",lr_only,1,0.7553994456926981,0.5163398692810458,0.5242718446601942,39.908520223730285,47.39325702552988,-0.00793197537914836,0.4703403115272522,0.05144689604640007,True,0.26946207880973816,0.2695559859275818,0.0,4,0.5436893203883495,0.4563106796116505,0.08737864077669899,True,overfit
synthetic_xor,42,classification,ablation,TST,TST-v1-Gate-tuned,512,20,ok,,tuned_tst_benchmark,TST-v1-Gate,tst_v1_gate_lr_1e-4,1e-4,val_accuracy,maximize,0.543689,4,3,"1e-4,3e-4,1e-3",lr_only,2,0.7105063597361246,0.5196078431372549,0.5145631067961165,9.83737804923058,17.31326038706293,0.005044736341138445,0.5990629196166992,0.039691053330898285,True,0.26991134881973267,0.2706575393676758,0.0,4,0.5436893203883495,0.4563106796116505,0.08737864077669899,True,overfit
synthetic_xor,42,classification,ablation,TST,TST-v1-Gate-tuned,512,20,ok,,tuned_tst_benchmark,TST-v1-Gate,tst_v1_gate_lr_1e-4,1e-4,val_accuracy,maximize,0.543689,4,3,"1e-4,3e-4,1e-3",lr_only,3,0.713640014330546,0.49673202614379086,0.5242718446601942,14.368841017701532,21.294917255883643,-0.027539818516403303,0.5547763109207153,0.03309658169746399,True,0.2696104943752289,0.27069443464279175,0.0,4,0.5436893203883495,0.4563106796116505,0.08737864077669899,True,overfit
synthetic_xor,42,classification,ablation,TST,TST-v1-Gate-tuned,512,20,ok,,tuned_tst_benchmark,TST-v1-Gate,tst_v1_gate_lr_1e-4,1e-4,val_accuracy,maximize,0.543689,4,3,"1e-4,3e-4,1e-3",lr_only,4,0.697837253411611,0.5196078431372549,0.5436893203883495,6.231344509757586,9.235150349336708,-0.024081477251094552,0.48109787702560425,0.028587989509105682,True,0.2689257264137268,0.2702317237854004,0.0,4,0.5436893203883495,0.4563106796116505,0.08737864077669899,True,overfit
synthetic_xor,42,classification,ablation,TST,TST-v1-Gate-tuned,512,20,ok,,tuned_tst_benchmark,TST-v1-Gate,tst_v1_gate_lr_1e-4,1e-4,val_accuracy,maximize,0.543689,4,3,"1e-4,3e-4,1e-3",lr_only,5,0.7013598481814066,0.5065359477124183,0.4854368932038835,6.6536533957397666,12.188928295344255,0.021099054508534776,0.4684686064720154,0.02568846568465233,True,0.2681029736995697,0.26967930793762207,0.0,4,0.5436893203883495,0.4563106796116505,0.08737864077669899,True,overfit
synthetic_xor,42,classification,ablation,TST,TST-v1-Gate-tuned,512,20,ok,,tuned_tst_benchmark,TST-v1-Gate,tst_v1_gate_lr_1e-4,1e-4,val_accuracy,maximize,0.543689,4,3,"1e-4,3e-4,1e-3",lr_only,6,0.6989666024843851,0.5392156862745098,0.4854368932038835,7.572682504412938,10.586619061977965,0.053778793070626274,0.505562961101532,0.023934992030262947,True,0.26722902059555054,0.26963576674461365,0.0,4,0.5436893203883495,0.4563106796116505,0.08737864077669899,True,overfit
synthetic_xor,42,classification,ablation,TST,TST-v1-Gate-tuned,512,20,ok,,tuned_tst_benchmark,TST-v1-Gate,tst_v1_gate_lr_1e-4,1e-4,val_accuracy,maximize,0.543689,4,3,"1e-4,3e-4,1e-3",lr_only,7,0.6961044271787008,0.5163398692810458,0.5145631067961165,0.8489190553480931,1.1330662618403822,0.0017767624849293062,0.5452966690063477,0.022545451298356056,True,0.26623985171318054,0.26887747645378113,0.0,4,0.5436893203883495,0.4563106796116505,0.08737864077669899,True,overfit
synthetic_xor,42,classification,ablation,TST,TST-v1-Gate-tuned,512,20,ok,,tuned_tst_benchmark,TST-v1-Gate,tst_v1_gate_lr_1e-4,1e-4,val_accuracy,maximize,0.543689,4,3,"1e-4,3e-4,1e-3",lr_only,8,0.6893693208694458,0.5196078431372549,0.5145631067961165,5.072985959665599,8.812298096697365,0.005044736341138445,0.5613116025924683,0.02165563404560089,True,0.2651335895061493,0.26783204078674316,0.0,4,0.5436893203883495,0.4563106796116505,0.08737864077669899,True,overfit
synthetic_xor,42,classification,ablation,TST,TST-v1-Gate-tuned,512,20,ok,,tuned_tst_benchmark,TST-v1-Gate,tst_v1_gate_lr_1e-4,1e-4,val_accuracy,maximize,0.543689,4,3,"1e-4,3e-4,1e-3",lr_only,9,0.6978858113288879,0.5196078431372549,0.5242718446601942,5.483204932850492,8.528954783785142,-0.004664001522939221,0.5528629422187805,0.02142195589840412,True,0.2639239430427551,0.26691436767578125,0.0,4,0.5436893203883495,0.4563106796116505,0.08737864077669899,True,overfit
synthetic_xor,42,classification,ablation,TST,TST-v1-Gate-tuned,512,20,ok,,tuned_tst_benchmark,TST-v1-Gate,tst_v1_gate_lr_1e-4,1e-4,val_accuracy,maximize,0.543689,4,3,"1e-4,3e-4,1e-3",lr_only,10,0.6942176620165507,0.5163398692810458,0.5242718446601942,3.1334249949227844,4.479261617452361,-0.00793197537914836,0.5176724195480347,0.021594012156128883,True,0.26261836290359497,0.2658281922340393,0.0,4,0.5436893203883495,0.4563106796116505,0.08737864077669899,True,overfit
synthetic_xor,42,classification,ablation,TST,TST-v1-Gate-tuned,512,20,ok,,tuned_tst_benchmark,TST-v1-Gate,tst_v1_gate_lr_1e-4,1e-4,val_accuracy,maximize,0.543689,4,3,"1e-4,3e-4,1e-3",lr_only,11,0.694312850634257,0.5392156862745098,0.46601941747572817,5.439468484243867,7.679689892846939,0.0731962687987816,0.4861251711845398,0.021856151521205902,True,0.2612350285053253,0.2638195753097534,0.0,4,0.5436893203883495,0.4563106796116505,0.08737864077669899,True,overfit
synthetic_xor,42,classification,ablation,TST,TST-v1-Gate-tuned,512,20,ok,,tuned_tst_benchmark,TST-v1-Gate,tst_v1_gate_lr_1e-4,1e-4,val_accuracy,maximize,0.543689,4,3,"1e-4,3e-4,1e-3",lr_only,12,0.6895465652147929,0.5588235294117647,0.49514563106796117,3.9328242701675884,4.574869533854053,0.06367789834380355,0.4871024787425995,0.02213129587471485,True,0.25980615615844727,0.2627384662628174,0.0,4,0.5436893203883495,0.4563106796116505,0.08737864077669899,True,overfit
synthetic_xor,42,classification,ablation,TST,TST-v1-Gate-tuned,512,20,ok,,tuned_tst_benchmark,TST-v1-Gate,tst_v1_gate_lr_1e-4,1e-4,val_accuracy,maximize,0.543689,4,3,"1e-4,3e-4,1e-3",lr_only,13,0.6918951471646627,0.5620915032679739,0.4563106796116505,4.926419512318148,7.201413297408765,0.10578082365632335,0.49821579456329346,0.02272486500442028,True,0.25838103890419006,0.2618139982223511,0.0,4,0.5436893203883495,0.4563106796116505,0.08737864077669899,True,overfit
synthetic_xor,42,classification,ablation,TST,TST-v1-Gate-tuned,512,20,ok,,tuned_tst_benchmark,TST-v1-Gate,tst_v1_gate_lr_1e-4,1e-4,val_accuracy,maximize,0.543689,4,3,"1e-4,3e-4,1e-3",lr_only,14,0.6926964521408081,0.5555555555555556,0.4563106796116505,5.870725109646952,9.703358564523535,0.09924487594390508,0.5084591507911682,0.023453883826732635,True,0.2569432854652405,0.2603732943534851,0.0,4,0.5436893203883495,0.4563106796116505,0.08737864077669899,True,overfit
synthetic_xor,42,classification,ablation,TST,TST-v2-GateFourier-tuned,512,20,ok,,tuned_tst_benchmark,TST-v2-GateFourier,tst_v2_gate_fourier_lr_1e-4,1e-4,val_accuracy,maximize,0.514563,1,3,"1e-4,3e-4,1e-3",lr_only,1,0.8735286990801493,0.5196078431372549,0.5145631067961165,13.066912011157966,21.088559836855044,0.005044736341138445,0.5515645742416382,0.0010712210787460208,True,0.2671046555042267,0.2635533809661865,0.0,1,0.5145631067961165,0.5145631067961165,0.0,True,early_stopped_cleanly
synthetic_xor,42,classification,ablation,TST,TST-v2-GateFourier-tuned,512,20,ok,,tuned_tst_benchmark,TST-v2-GateFourier,tst_v2_gate_fourier_lr_1e-4,1e-4,val_accuracy,maximize,0.514563,1,3,"1e-4,3e-4,1e-3",lr_only,2,0.7277102669080099,0.5196078431372549,0.5145631067961165,4.818097594639103,8.168035146928087,0.005044736341138445,0.6560867428779602,0.0008495652000419796,True,0.2630712389945984,0.25948119163513184,0.0,1,0.5145631067961165,0.5145631067961165,0.0,True,early_stopped_cleanly
synthetic_xor,42,classification,ablation,TST,TST-v2-GateFourier-tuned,512,20,ok,,tuned_tst_benchmark,TST-v2-GateFourier,tst_v2_gate_fourier_lr_1e-4,1e-4,val_accuracy,maximize,0.514563,1,3,"1e-4,3e-4,1e-3",lr_only,3,0.7249282995859782,0.5196078431372549,0.5145631067961165,4.991199475709781,5.982061303844345,0.005044736341138445,0.5766537189483643,0.0007839693571440876,True,0.2585771083831787,0.2563624978065491,0.0,1,0.5145631067961165,0.5145631067961165,0.0,True,early_stopped_cleanly
synthetic_xor,42,classification,ablation,TST,TST-v2-GateFourier-tuned,512,20,ok,,tuned_tst_benchmark,TST-v2-GateFourier,tst_v2_gate_fourier_lr_1e-4,1e-4,val_accuracy,maximize,0.514563,1,3,"1e-4,3e-4,1e-3",lr_only,4,0.7003312905629476,0.4803921568627451,0.4854368932038835,1.9224959788115037,3.1917297177234243,-0.005044736341138389,0.4792666733264923,0.0006930189556442201,True,0.25399619340896606,0.2530682384967804,0.0,1,0.5145631067961165,0.5145631067961165,0.0,True,early_stopped_cleanly
synthetic_xor,42,classification,ablation,TST,TST-v2-GateFourier-tuned,512,20,ok,,tuned_tst_benchmark,TST-v2-GateFourier,tst_v2_gate_fourier_lr_1e-4,1e-4,val_accuracy,maximize,0.514563,1,3,"1e-4,3e-4,1e-3",lr_only,5,0.6978374719619751,0.4803921568627451,0.4854368932038835,1.5832882452125903,2.479187796337782,-0.005044736341138389,0.44450777769088745,0.000611288589425385,True,0.2494477778673172,0.24930983781814575,0.0,1,0.5145631067961165,0.5145631067961165,0.0,True,early_stopped_cleanly
synthetic_xor,42,classification,ablation,TST,TST-v2-GateFourier-tuned,512,20,ok,,tuned_tst_benchmark,TST-v2-GateFourier,tst_v2_gate_fourier_lr_1e-4,1e-4,val_accuracy,maximize,0.514563,1,3,"1e-4,3e-4,1e-3",lr_only,6,0.7010742425918579,0.4803921568627451,0.4854368932038835,1.850788701826233,3.1078934962052447,-0.005044736341138389,0.45169249176979065,0.0005663903430104256,True,0.24494776129722595,0.24515584111213684,0.0,1,0.5145631067961165,0.5145631067961165,0.0,True,early_stopped_cleanly
synthetic_xor,42,classification,ablation,TST,TST-v2-GateFourier-tuned,512,20,ok,,tuned_tst_benchmark,TST-v2-GateFourier,tst_v2_gate_fourier_lr_1e-4,1e-4,val_accuracy,maximize,0.514563,1,3,"1e-4,3e-4,1e-3",lr_only,7,0.7043504516283671,0.4803921568627451,0.4854368932038835,2.2439198027408582,3.96925221396917,-0.005044736341138389,0.4846157431602478,0.0005363086820580065,True,0.24049702286720276,0.2407657504081726,0.0,1,0.5145631067961165,0.5145631067961165,0.0,True,early_stopped_cleanly
synthetic_xor,42,classification,ablation,TST,TST-v2-GateFourier-tuned,512,20,ok,,tuned_tst_benchmark,TST-v2-GateFourier,tst_v2_gate_fourier_lr_1e-4,1e-4,val_accuracy,maximize,0.514563,1,3,"1e-4,3e-4,1e-3",lr_only,8,0.6955562432607015,0.5196078431372549,0.5145631067961165,1.0168372035204525,1.36195075890168,0.005044736341138445,0.5347238779067993,0.0005072860512882471,True,0.2360951453447342,0.23632360994815826,0.0,1,0.5145631067961165,0.5145631067961165,0.0,True,early_stopped_cleanly
synthetic_xor,42,classification,ablation,TST,TST-v2-GateFourier-tuned,512,20,ok,,tuned_tst_benchmark,TST-v2-GateFourier,tst_v2_gate_fourier_lr_1e-4,1e-4,val_accuracy,maximize,0.514563,1,3,"1e-4,3e-4,1e-3",lr_only,9,0.6992536783218384,0.5196078431372549,0.5145631067961165,0.9694613233903645,1.6409189849880508,0.005044736341138445,0.5571326017379761,0.00047753393300808966,True,0.23168353736400604,0.2320946753025055,0.0,1,0.5145631067961165,0.5145631067961165,0.0,True,early_stopped_cleanly
synthetic_xor,42,classification,ablation,TST,TST-v2-GateFourier-tuned,512,20,ok,,tuned_tst_benchmark,TST-v2-GateFourier,tst_v2_gate_fourier_lr_1e-4,1e-4,val_accuracy,maximize,0.514563,1,3,"1e-4,3e-4,1e-3",lr_only,10,0.6994492610295614,0.5196078431372549,0.5145631067961165,1.132150260446628,1.8007918564681233,0.005044736341138445,0.546663761138916,0.0004662433930207044,True,0.22726893424987793,0.22814947366714478,0.0,1,0.5145631067961165,0.5145631067961165,0.0,True,early_stopped_cleanly
synthetic_xor,42,classification,ablation,TST,TST-v2-GateFourier-tuned,512,20,ok,,tuned_tst_benchmark,TST-v2-GateFourier,tst_v2_gate_fourier_lr_1e-4,1e-4,val_accuracy,maximize,0.514563,1,3,"1e-4,3e-4,1e-3",lr_only,11,0.7034137646357218,0.5196078431372549,0.5145631067961165,2.9670081594337745,6.115402159034114,0.005044736341138445,0.5235501527786255,0.00045751340803690255,True,0.22289352118968964,0.2242898941040039,0.0,1,0.5145631067961165,0.5145631067961165,0.0,True,early_stopped_cleanly
synthetic_irrelevant_noise,42,classification,ablation,TST-v1-Gate,TST-v1-Gate,512,100,ok,,tuned_tst_benchmark,,,,,,,,,,,1,1.300149401028951,0.5065359477124183,0.5048543689320388,39.134516843014374,78.69547423289134,0.0016815787803794446,0.8733956217765808,0.0008437228971160948,True,0.2601012885570526,0.24413180351257324,0.0,1,0.5048543689320388,0.5048543689320388,0.0,True,early_stopped_cleanly
synthetic_irrelevant_noise,42,classification,ablation,TST-v1-Gate,TST-v1-Gate,512,100,ok,,tuned_tst_benchmark,,,,,,,,,,,2,0.9347761273384094,0.5065359477124183,0.5048543689320388,4.79548374178798,8.511412171608374,0.0016815787803794446,0.5827693939208984,0.0005509044858627021,True,0.23883329331874847,0.21825411915779114,0.0,1,0.5048543689320388,0.5048543689320388,0.0,True,early_stopped_cleanly
synthetic_irrelevant_noise,42,classification,ablation,TST-v1-Gate,TST-v1-Gate,512,100,ok,,tuned_tst_benchmark,,,,,,,,,,,3,0.7133211890856425,0.4934640522875817,0.49514563106796117,0.5734461474820512,0.8095728166634656,-0.0016815787803794446,0.39383623003959656,0.00021905219182372093,True,0.21375347673892975,0.18858495354652405,0.0,1,0.5048543689320388,0.5048543689320388,0.0,True,early_stopped_cleanly
synthetic_irrelevant_noise,42,classification,ablation,TST-v1-Gate,TST-v1-Gate,512,100,ok,,tuned_tst_benchmark,,,,,,,,,,,4,0.7354845603307089,0.4934640522875817,0.49514563106796117,1.1574381343159263,1.2277629037837723,-0.0016815787803794446,0.35907500982284546,0.00011859913502121344,True,0.1895265132188797,0.16130372881889343,0.0,1,0.5048543689320388,0.5048543689320388,0.0,True,early_stopped_cleanly
synthetic_irrelevant_noise,42,classification,ablation,TST-v1-Gate,TST-v1-Gate,512,100,ok,,tuned_tst_benchmark,,,,,,,,,,,5,0.735755463441213,0.4934640522875817,0.49514563106796117,1.1390600336018428,1.5771741277692273,-0.0016815787803794446,0.3964084982872009,9.798007522476837e-05,True,0.1671060174703598,0.1390811800956726,0.11,1,0.5048543689320388,0.5048543689320388,0.0,True,early_stopped_cleanly
synthetic_irrelevant_noise,42,classification,ablation,TST-v1-Gate,TST-v1-Gate,512,100,ok,,tuned_tst_benchmark,,,,,,,,,,,6,0.7172234853108724,0.4934640522875817,0.49514563106796117,0.9155981023109634,1.2893165038455294,-0.0016815787803794446,0.4541991949081421,9.65020153671503e-05,True,0.1471136212348938,0.12073051929473877,0.27,1,0.5048543689320388,0.5048543689320388,0.0,True,early_stopped_cleanly
synthetic_irrelevant_noise,42,classification,ablation,TST-v1-Gate,TST-v1-Gate,512,100,ok,,tuned_tst_benchmark,,,,,,,,,,,7,0.6982492804527283,0.5065359477124183,0.5048543689320388,0.23440614053219858,0.5904126361261367,0.0016815787803794446,0.5155948996543884,8.684823842486367e-05,True,0.12998023629188538,0.10344845056533813,0.44,1,0.5048543689320388,0.5048543689320388,0.0,True,early_stopped_cleanly
synthetic_irrelevant_noise,42,classification,ablation,TST-v1-Gate,TST-v1-Gate,512,100,ok,,tuned_tst_benchmark,,,,,,,,,,,8,0.6983019908269247,0.5065359477124183,0.5048543689320388,0.23989876496100423,0.40816067660706434,0.0016815787803794446,0.5550605058670044,7.424708019243553e-05,True,0.11580302566289902,0.09177093952894211,0.62,1,0.5048543689320388,0.5048543689320388,0.0,True,early_stopped_cleanly
synthetic_irrelevant_noise,42,classification,ablation,TST-v1-Gate,TST-v1-Gate,512,100,ok,,tuned_tst_benchmark,,,,,,,,,,,9,0.6993951996167501,0.5065359477124183,0.5048543689320388,0.421176816129564,0.555566241376175,0.0016815787803794446,0.5669757127761841,6.20150167378597e-05,True,0.10437453538179398,0.08217552304267883,0.66,1,0.5048543689320388,0.5048543689320388,0.0,True,early_stopped_cleanly
synthetic_irrelevant_noise,42,classification,ablation,TST-v1-Gate,TST-v1-Gate,512,100,ok,,tuned_tst_benchmark,,,,,,,,,,,10,0.7046928803126017,0.5065359477124183,0.5048543689320388,0.5900230780004211,1.0008925100638455,0.0016815787803794446,0.5607341527938843,5.198984217713587e-05,True,0.09515611827373505,0.0751415342092514,0.75,1,0.5048543689320388,0.5048543689320388,0.0,True,early_stopped_cleanly
synthetic_irrelevant_noise,42,classification,ablation,TST-v1-Gate,TST-v1-Gate,512,100,ok,,tuned_tst_benchmark,,,,,,,,,,,11,0.698173721631368,0.5065359477124183,0.5048543689320388,0.35254162546415874,0.6605763690474148,0.0016815787803794446,0.53659987449646,4.355150304036215e-05,True,0.08782557398080826,0.07137106359004974,0.82,1,0.5048543689320388,0.5048543689320388,0.0,True,early_stopped_cleanly
synthetic_irrelevant_noise,42,classification,ablation,TST-v2-GateFourier,TST-v2-GateFourier,512,100,ok,,tuned_tst_benchmark,,,,,,,,,,,1,1.5452584028244019,0.5065359477124183,0.5048543689320388,8.625886621784895,9.370444063927078,0.0016815787803794446,0.8700201511383057,1.9705312297446653e-05,True,0.215096116065979,0.21491020917892456,0.0,1,0.5048543689320388,0.49514563106796117,0.009708737864077666,True,early_stopped_cleanly
synthetic_irrelevant_noise,42,classification,ablation,TST-v2-GateFourier,TST-v2-GateFourier,512,100,ok,,tuned_tst_benchmark,,,,,,,,,,,2,0.8554633855819702,0.4934640522875817,0.49514563106796117,2.621018038946819,5.142608053013593,-0.0016815787803794446,0.3338906764984131,3.0766903364565223e-05,True,0.17030921578407288,0.17007261514663696,0.0,1,0.5048543689320388,0.49514563106796117,0.009708737864077666,True,early_stopped_cleanly
synthetic_irrelevant_noise,42,classification,ablation,TST-v2-GateFourier,TST-v2-GateFourier,512,100,ok,,tuned_tst_benchmark,,,,,,,,,,,3,0.7919414043426514,0.4934640522875817,0.49514563106796117,2.3308580313662812,2.5297466317141013,-0.0016815787803794446,0.3186645805835724,1.2023740964650642e-05,True,0.13421618938446045,0.13401249051094055,0.0,1,0.5048543689320388,0.49514563106796117,0.009708737864077666,True,early_stopped_cleanly
synthetic_irrelevant_noise,42,classification,ablation,TST-v2-GateFourier,TST-v2-GateFourier,512,100,ok,,tuned_tst_benchmark,,,,,,,,,,,4,0.7384569446245829,0.4934640522875817,0.49514563106796117,1.6454584816476137,2.013373686205074,-0.0016815787803794446,0.487032413482666,5.324805442796787e-06,True,0.10594993829727173,0.10576926171779633,0.0,1,0.5048543689320388,0.49514563106796117,0.009708737864077666,True,early_stopped_cleanly
synthetic_irrelevant_noise,42,classification,ablation,TST-v2-GateFourier,TST-v2-GateFourier,512,100,ok,,tuned_tst_benchmark,,,,,,,,,,,5,0.7001678744951884,0.5065359477124183,0.5048543689320388,0.41570120445137243,0.9499929249179335,0.0016815787803794446,0.6223416924476624,3.945564003515756e-06,True,0.08570503443479538,0.08562538027763367,1.0,1,0.5048543689320388,0.49514563106796117,0.009708737864077666,True,early_stopped_cleanly
synthetic_irrelevant_noise,42,classification,ablation,TST-v2-GateFourier,TST-v2-GateFourier,512,100,ok,,tuned_tst_benchmark,,,,,,,,,,,6,0.7234890858332316,0.5065359477124183,0.5048543689320388,1.194706396438441,1.277416597729467,0.0016815787803794446,0.6170263290405273,2.166754484278499e-06,True,0.07312828302383423,0.07310155034065247,1.0,1,0.5048543689320388,0.49514563106796117,0.009708737864077666,True,early_stopped_cleanly
synthetic_irrelevant_noise,42,classification,ablation,TST-v2-GateFourier,TST-v2-GateFourier,512,100,ok,,tuned_tst_benchmark,,,,,,,,,,,7,0.7145238518714905,0.5065359477124183,0.5048543689320388,1.0386123621588448,1.486267310656913,0.0016815787803794446,0.547430157661438,1.289017518502078e-06,True,0.06496894359588623,0.06491384655237198,1.0,1,0.5048543689320388,0.49514563106796117,0.009708737864077666,True,early_stopped_cleanly
synthetic_irrelevant_noise,42,classification,ablation,TST-v2-GateFourier,TST-v2-GateFourier,512,100,ok,,tuned_tst_benchmark,,,,,,,,,,,8,0.6928577820460001,0.4934640522875817,0.49514563106796117,0.18982806861171672,0.4220133417549514,-0.0016815787803794446,0.47140416502952576,9.48919932852732e-07,True,0.05951191857457161,0.0594276562333107,1.0,1,0.5048543689320388,0.49514563106796117,0.009708737864077666,True,early_stopped_cleanly
synthetic_irrelevant_noise,42,classification,ablation,TST-v2-GateFourier,TST-v2-GateFourier,512,100,ok,,tuned_tst_benchmark,,,,,,,,,,,9,0.7019101778666178,0.4934640522875817,0.49514563106796117,0.6318958100624456,0.963312522458163,-0.0016815787803794446,0.43145114183425903,7.406470103887841e-07,True,0.05579356849193573,0.055706195533275604,1.0,1,0.5048543689320388,0.49514563106796117,0.009708737864077666,True,early_stopped_cleanly
synthetic_irrelevant_noise,42,classification,ablation,TST-v2-GateFourier,TST-v2-GateFourier,512,100,ok,,tuned_tst_benchmark,,,,,,,,,,,10,0.7094586491584778,0.4934640522875817,0.49514563106796117,0.8466839016373658,1.375738953377774,-0.0016815787803794446,0.4411897361278534,6.451640501836664e-07,True,0.05323924124240875,0.05316542834043503,1.0,1,0.5048543689320388,0.49514563106796117,0.009708737864077666,True,early_stopped_cleanly
synthetic_irrelevant_noise,42,classification,ablation,TST-v2-GateFourier,TST-v2-GateFourier,512,100,ok,,tuned_tst_benchmark,,,,,,,,,,,11,0.6987965901692709,0.4934640522875817,0.49514563106796117,0.45868646215464715,0.6886400732469053,-0.0016815787803794446,0.48594537377357483,5.614035671897e-07,True,0.05148904398083687,0.05142444372177124,1.0,1,0.5048543689320388,0.49514563106796117,0.009708737864077666,True,early_stopped_cleanly
synthetic_irrelevant_noise,42,classification,ablation,TST,TST-v1-Gate-tuned,512,100,ok,,tuned_tst_benchmark,TST-v1-Gate,tst_v1_gate_lr_1e-4,1e-4,val_accuracy,maximize,0.514563,1,3,"1e-4,3e-4,1e-3",lr_only,1,0.8116694887479147,0.49673202614379086,0.5145631067961165,71.19464099526941,85.19302080845924,-0.017831080652325637,0.5738944411277771,0.03321901336312294,True,0.26881974935531616,0.2684820294380188,0.0,1,0.5145631067961165,0.47572815533980584,0.03883495145631066,True,overfit
synthetic_irrelevant_noise,42,classification,ablation,TST,TST-v1-Gate-tuned,512,100,ok,,tuned_tst_benchmark,TST-v1-Gate,tst_v1_gate_lr_1e-4,1e-4,val_accuracy,maximize,0.514563,1,3,"1e-4,3e-4,1e-3",lr_only,2,0.7455349961916605,0.49019607843137253,0.49514563106796117,28.243703074444795,35.68350651630534,-0.004949552636588639,0.41062498092651367,0.025903314352035522,True,0.2681332528591156,0.26867350935935974,0.0,1,0.5145631067961165,0.47572815533980584,0.03883495145631066,True,overfit
synthetic_irrelevant_noise,42,classification,ablation,TST,TST-v1-Gate-tuned,512,100,ok,,tuned_tst_benchmark,TST-v1-Gate,tst_v1_gate_lr_1e-4,1e-4,val_accuracy,maximize,0.514563,1,3,"1e-4,3e-4,1e-3",lr_only,3,0.7353441516558329,0.43790849673202614,0.46601941747572817,19.655513677285175,27.037804431638936,-0.028110920743702028,0.4704062342643738,0.020994149148464203,True,0.26649904251098633,0.2672275900840759,0.0,1,0.5145631067961165,0.47572815533980584,0.03883495145631066,True,overfit
synthetic_irrelevant_noise,42,classification,ablation,TST,TST-v1-Gate-tuned,512,100,ok,,tuned_tst_benchmark,TST-v1-Gate,tst_v1_gate_lr_1e-4,1e-4,val_accuracy,maximize,0.514563,1,3,"1e-4,3e-4,1e-3",lr_only,4,0.7176993290583292,0.5065359477124183,0.5048543689320388,4.398305716365713,9.053922457308566,0.0016815787803794446,0.5354747772216797,0.017365625128149986,True,0.26429688930511475,0.2652650475502014,0.0,1,0.5145631067961165,0.47572815533980584,0.03883495145631066,True,overfit
synthetic_irrelevant_noise,42,classification,ablation,TST,TST-v1-Gate-tuned,512,100,ok,,tuned_tst_benchmark,TST-v1-Gate,tst_v1_gate_lr_1e-4,1e-4,val_accuracy,maximize,0.514563,1,3,"1e-4,3e-4,1e-3",lr_only,5,0.7194594740867615,0.5032679738562091,0.5048543689320388,7.600824150038427,11.783448650298105,-0.001586395075829694,0.552147626876831,0.015194895677268505,True,0.2618001103401184,0.2625288963317871,0.0,1,0.5145631067961165,0.47572815533980584,0.03883495145631066,True,overfit
synthetic_irrelevant_noise,42,classification,ablation,TST,TST-v1-Gate-tuned,512,100,ok,,tuned_tst_benchmark,TST-v1-Gate,tst_v1_gate_lr_1e-4,1e-4,val_accuracy,maximize,0.514563,1,3,"1e-4,3e-4,1e-3",lr_only,6,0.7156957387924194,0.5032679738562091,0.49514563106796117,10.229437224805473,20.21655207738065,0.008122342788247972,0.5265095829963684,0.014104957692325115,True,0.25917327404022217,0.2607928514480591,0.0,1,0.5145631067961165,0.47572815533980584,0.03883495145631066,True,overfit
synthetic_irrelevant_noise,42,classification,ablation,TST,TST-v1-Gate-tuned,512,100,ok,,tuned_tst_benchmark,TST-v1-Gate,tst_v1_gate_lr_1e-4,1e-4,val_accuracy,maximize,0.514563,1,3,"1e-4,3e-4,1e-3",lr_only,7,0.7104621330897013,0.4934640522875817,0.4563106796116505,4.800079312467475,8.919436128384802,0.03715337267593122,0.5069880485534668,0.013286137022078037,True,0.2563323676586151,0.2573535144329071,0.0,1,0.5145631067961165,0.47572815533980584,0.03883495145631066,True,overfit
synthetic_irrelevant_noise,42,classification,ablation,TST,TST-v1-Gate-tuned,512,100,ok,,tuned_tst_benchmark,TST-v1-Gate,tst_v1_gate_lr_1e-4,1e-4,val_accuracy,maximize,0.514563,1,3,"1e-4,3e-4,1e-3",lr_only,8,0.7104641993840536,0.5065359477124183,0.47572815533980584,1.4990565837755223,2.367547594632946,0.03080779237261244,0.49313634634017944,0.012709029950201511,True,0.2533361315727234,0.2535443902015686,0.0,1,0.5145631067961165,0.47572815533980584,0.03883495145631066,True,overfit
synthetic_irrelevant_noise,42,classification,ablation,TST,TST-v1-Gate-tuned,512,100,ok,,tuned_tst_benchmark,TST-v1-Gate,tst_v1_gate_lr_1e-4,1e-4,val_accuracy,maximize,0.514563,1,3,"1e-4,3e-4,1e-3",lr_only,9,0.7088059584299723,0.5163398692810458,0.5048543689320388,3.165372616434166,6.55632684257662,0.011485500349006972,0.4890148639678955,0.012281881645321846,True,0.25021135807037354,0.25028520822525024,0.0,1,0.5145631067961165,0.47572815533980584,0.03883495145631066,True,overfit
synthetic_irrelevant_noise,42,classification,ablation,TST,TST-v1-Gate-tuned,512,100,ok,,tuned_tst_benchmark,TST-v1-Gate,tst_v1_gate_lr_1e-4,1e-4,val_accuracy,maximize,0.514563,1,3,"1e-4,3e-4,1e-3",lr_only,10,0.7057530283927917,0.5294117647058824,0.47572815533980584,5.987539660374054,9.977236310039965,0.05368360936607652,0.5000463128089905,0.011960668489336967,True,0.24698907136917114,0.24762830138206482,0.0,1,0.5145631067961165,0.47572815533980584,0.03883495145631066,True,overfit
synthetic_irrelevant_noise,42,classification,ablation,TST,TST-v1-Gate-tuned,512,100,ok,,tuned_tst_benchmark,TST-v1-Gate,tst_v1_gate_lr_1e-4,1e-4,val_accuracy,maximize,0.514563,1,3,"1e-4,3e-4,1e-3",lr_only,11,0.7063921093940735,0.5555555555555556,0.47572815533980584,3.251520661006971,5.300935319798221,0.07982740021574974,0.5042704343795776,0.011803572997450829,True,0.24374040961265564,0.24493972957134247,0.0,1,0.5145631067961165,0.47572815533980584,0.03883495145631066,True,overfit
synthetic_irrelevant_noise,42,classification,ablation,TST,TST-v2-GateFourier-tuned,512,100,ok,,tuned_tst_benchmark,TST-v2-GateFourier,tst_v2_gate_fourier_lr_1e-4,1e-4,val_accuracy,maximize,0.524272,4,3,"1e-4,3e-4,1e-3",lr_only,1,0.7544722159703573,0.5065359477124183,0.5048543689320388,5.199935552189136,8.645138399482262,0.0016815787803794446,0.6159403324127197,0.0006015419494360685,True,0.26316243410110474,0.26315242052078247,0.0,4,0.5242718446601942,0.49514563106796117,0.029126213592232997,True,early_stopped_cleanly
synthetic_irrelevant_noise,42,classification,ablation,TST,TST-v2-GateFourier-tuned,512,100,ok,,tuned_tst_benchmark,TST-v2-GateFourier,tst_v2_gate_fourier_lr_1e-4,1e-4,val_accuracy,maximize,0.524272,4,3,"1e-4,3e-4,1e-3",lr_only,2,0.7232358853022257,0.4934640522875817,0.49514563106796117,3.2029177629913597,4.58419758111352,-0.0016815787803794446,0.4868561029434204,0.0005729699623771012,True,0.2574779987335205,0.25744712352752686,0.0,4,0.5242718446601942,0.49514563106796117,0.029126213592232997,True,early_stopped_cleanly
synthetic_irrelevant_noise,42,classification,ablation,TST,TST-v2-GateFourier-tuned,512,100,ok,,tuned_tst_benchmark,TST-v2-GateFourier,tst_v2_gate_fourier_lr_1e-4,1e-4,val_accuracy,maximize,0.524272,4,3,"1e-4,3e-4,1e-3",lr_only,3,0.7163876096407572,0.4934640522875817,0.49514563106796117,1.9462666351307583,3.3014176483771296,-0.0016815787803794446,0.4298025965690613,0.0005055254441685975,True,0.2518925368785858,0.2518561780452728,0.0,4,0.5242718446601942,0.49514563106796117,0.029126213592232997,True,early_stopped_cleanly
synthetic_irrelevant_noise,42,classification,ablation,TST,TST-v2-GateFourier-tuned,512,100,ok,,tuned_tst_benchmark,TST-v2-GateFourier,tst_v2_gate_fourier_lr_1e-4,1e-4,val_accuracy,maximize,0.524272,4,3,"1e-4,3e-4,1e-3",lr_only,4,0.7188220222791036,0.5065359477124183,0.5242718446601942,3.3089822460539406,5.161998832597086,-0.017735896947775887,0.49898073077201843,0.0005002517718821764,True,0.24641567468643188,0.24637943506240845,0.0,4,0.5242718446601942,0.49514563106796117,0.029126213592232997,True,early_stopped_cleanly
synthetic_irrelevant_noise,42,classification,ablation,TST,TST-v2-GateFourier-tuned,512,100,ok,,tuned_tst_benchmark,TST-v2-GateFourier,tst_v2_gate_fourier_lr_1e-4,1e-4,val_accuracy,maximize,0.524272,4,3,"1e-4,3e-4,1e-3",lr_only,5,0.7106315493583679,0.5065359477124183,0.5048543689320388,1.1299004063918037,2.438150258571046,0.0016815787803794446,0.5845193266868591,0.0004628584429156035,True,0.24103568494319916,0.2409827709197998,0.0,4,0.5242718446601942,0.49514563106796117,0.029126213592232997,True,early_stopped_cleanly
synthetic_irrelevant_noise,42,classification,ablation,TST,TST-v2-GateFourier-tuned,512,100,ok,,tuned_tst_benchmark,TST-v2-GateFourier,tst_v2_gate_fourier_lr_1e-4,1e-4,val_accuracy,maximize,0.524272,4,3,"1e-4,3e-4,1e-3",lr_only,6,0.7181751529375712,0.5065359477124183,0.5048543689320388,2.5670556308215655,3.2271550152242083,0.0016815787803794446,0.549669623374939,0.0004506927216425538,True,0.23574292659759521,0.23568330705165863,0.0,4,0.5242718446601942,0.49514563106796117,0.029126213592232997,True,early_stopped_cleanly
synthetic_irrelevant_noise,42,classification,ablation,TST,TST-v2-GateFourier-tuned,512,100,ok,,tuned_tst_benchmark,TST-v2-GateFourier,tst_v2_gate_fourier_lr_1e-4,1e-4,val_accuracy,maximize,0.524272,4,3,"1e-4,3e-4,1e-3",lr_only,7,0.7052460312843323,0.4934640522875817,0.49514563106796117,1.3203678095587479,2.812343154489977,-0.0016815787803794446,0.4725836515426636,0.0004310506337787956,True,0.2305546998977661,0.23050278425216675,0.0,4,0.5242718446601942,0.49514563106796117,0.029126213592232997,True,early_stopped_cleanly
synthetic_irrelevant_noise,42,classification,ablation,TST,TST-v2-GateFourier-tuned,512,100,ok,,tuned_tst_benchmark,TST-v2-GateFourier,tst_v2_gate_fourier_lr_1e-4,1e-4,val_accuracy,maximize,0.524272,4,3,"1e-4,3e-4,1e-3",lr_only,8,0.7083006699879965,0.4934640522875817,0.49514563106796117,1.4049346354751548,2.3638198382636553,-0.0016815787803794446,0.43506747484207153,0.00040895442361943424,True,0.22548110783100128,0.2254256010055542,0.0,4,0.5242718446601942,0.49514563106796117,0.029126213592232997,True,early_stopped_cleanly
synthetic_irrelevant_noise,42,classification,ablation,TST,TST-v2-GateFourier-tuned,512,100,ok,,tuned_tst_benchmark,TST-v2-GateFourier,tst_v2_gate_fourier_lr_1e-4,1e-4,val_accuracy,maximize,0.524272,4,3,"1e-4,3e-4,1e-3",lr_only,9,0.7151599725087484,0.4934640522875817,0.49514563106796117,2.1724271303495417,3.753088108360359,-0.0016815787803794446,0.46979397535324097,0.0004086762201040983,True,0.2205280363559723,0.22044964134693146,0.0,4,0.5242718446601942,0.49514563106796117,0.029126213592232997,True,early_stopped_cleanly
synthetic_irrelevant_noise,42,classification,ablation,TST,TST-v2-GateFourier-tuned,512,100,ok,,tuned_tst_benchmark,TST-v2-GateFourier,tst_v2_gate_fourier_lr_1e-4,1e-4,val_accuracy,maximize,0.524272,4,3,"1e-4,3e-4,1e-3",lr_only,10,0.7033177216847738,0.5065359477124183,0.5048543689320388,1.2883198263012796,2.021931763408689,0.0016815787803794446,0.5409096479415894,0.00040817356784828007,True,0.2156902700662613,0.21560250222682953,0.0,4,0.5242718446601942,0.49514563106796117,0.029126213592232997,True,early_stopped_cleanly
synthetic_irrelevant_noise,42,classification,ablation,TST,TST-v2-GateFourier-tuned,512,100,ok,,tuned_tst_benchmark,TST-v2-GateFourier,tst_v2_gate_fourier_lr_1e-4,1e-4,val_accuracy,maximize,0.524272,4,3,"1e-4,3e-4,1e-3",lr_only,11,0.7109590172767639,0.5065359477124183,0.5048543689320388,1.7023653660840676,2.320820440365294,0.0016815787803794446,0.5742382407188416,0.00039558071875944734,True,0.21095973253250122,0.21085508167743683,0.0,4,0.5242718446601942,0.49514563106796117,0.029126213592232997,True,early_stopped_cleanly
synthetic_irrelevant_noise,42,classification,ablation,TST,TST-v2-GateFourier-tuned,512,100,ok,,tuned_tst_benchmark,TST-v2-GateFourier,tst_v2_gate_fourier_lr_1e-4,1e-4,val_accuracy,maximize,0.524272,4,3,"1e-4,3e-4,1e-3",lr_only,12,0.7139373024304708,0.5065359477124183,0.5048543689320388,2.2895161213207165,3.9967777692415427,0.0016815787803794446,0.5226815938949585,0.0003939912421628833,True,0.20633423328399658,0.2062419056892395,0.0,4,0.5242718446601942,0.49514563106796117,0.029126213592232997,True,early_stopped_cleanly
synthetic_irrelevant_noise,42,classification,ablation,TST,TST-v2-GateFourier-tuned,512,100,ok,,tuned_tst_benchmark,TST-v2-GateFourier,tst_v2_gate_fourier_lr_1e-4,1e-4,val_accuracy,maximize,0.524272,4,3,"1e-4,3e-4,1e-3",lr_only,13,0.7059448758761088,0.4934640522875817,0.49514563106796117,1.3097290156121166,1.9408293350394465,-0.0016815787803794446,0.4483053386211395,0.0003812486247625202,True,0.20181985199451447,0.20169538259506226,0.0,4,0.5242718446601942,0.49514563106796117,0.029126213592232997,True,early_stopped_cleanly
synthetic_irrelevant_noise,42,classification,ablation,TST,TST-v2-GateFourier-tuned,512,100,ok,,tuned_tst_benchmark,TST-v2-GateFourier,tst_v2_gate_fourier_lr_1e-4,1e-4,val_accuracy,maximize,0.524272,4,3,"1e-4,3e-4,1e-3",lr_only,14,0.7137566804885864,0.4934640522875817,0.49514563106796117,2.0768033033542452,2.9362907804995464,-0.0016815787803794446,0.4509848356246948,0.000376813841285184,True,0.19742509722709656,0.19729772210121155,0.0,4,0.5242718446601942,0.49514563106796117,0.029126213592232997,True,early_stopped_cleanly
